TransactionID,ProductID,ProductCategory,ProductSubcategory,ProductPrice,QuantitySold,TransactionDate,CustomerID,CustomerLocation,PaymentMethod
1,151,clothing,mobile,11.14,11,2023-02-12,1017,Florida,PayPal
2,192,electronics,fiction,237.04,10,2023-01-21,1016,"New York","Debit Card"
3,114,books,fiction,154.13,19,2023-11-02,1037,"New York","Debit Card"
4,171,groceries,"board game",301.19,14,2023-07-23,1013,"New York","Credit Card"
5,160,clothing,"board game",152.13,10,2022-03-19,1086,Florida,Cash
6,120,electronics,laptop,153.46,15,2022-07-13,1088,California,"Debit Card"
7,182,toys,laptop,372.88,19,2022-10-12,1078,Illinois,"Debit Card"
8,186,books,mobile,28.83,4,2023-06-11,1055,Florida,"Debit Card"
9,174,clothing,"board game",451.93,2,2023-06-08,1021,California,Cash
10,174,clothing,non-fiction,426.87,9,2023-09-05,1066,California,Cash
11,187,groceries,non-fiction,335.56,10,2022-06-05,1055,Florida,"Credit Card"
12,199,groceries,mobile,298.64,11,2022-12-06,1018,Florida,PayPal
13,123,toys,non-fiction,446.69,14,2022-05-05,1056,California,Cash
14,102,toys,"action figure",96.74,7,2022-10-07,1043,California,PayPal
15,121,electronics,pants,44.09,15,2023-09-14,1097,California,PayPal
16,152,electronics,mobile,123.56,19,2023-10-20,1034,Florida,Cash
17,101,toys,mobile,398.32,15,2023-12-29,1000,California,"Debit Card"
18,187,toys,shirt,22.16,8,2023-11-05,1051,"New York","Credit Card"
19,129,books,fruit,293.49,11,2022-05-08,1084,Florida,PayPal
20,137,groceries,fruit,497.74,9,2022-11-10,1092,"New York","Debit Card"
21,101,electronics,"action figure",428.57,15,2022-11-28,1069,Texas,Cash
22,163,groceries,"board game",263.12,1,2022-05-30,1036,Florida,PayPal
23,159,groceries,laptop,36.50,1,2023-03-30,1064,Texas,PayPal
24,120,toys,laptop,416.53,19,2022-02-05,1050,California,PayPal
25,132,books,vegetable,301.49,3,2023-11-16,1000,California,"Debit Card"
26,175,clothing,"action figure",61.89,10,2023-02-24,1090,Illinois,"Debit Card"
27,157,books,mobile,51.46,8,2022-01-22,1020,California,"Debit Card"
28,121,books,"action figure",455.27,15,2022-07-25,1052,Texas,PayPal
29,188,groceries,"action figure",336.25,10,2023-10-01,1015,California,PayPal
30,148,books,"action figure",415.50,1,2022-12-22,1060,Florida,"Credit Card"
31,190,electronics,fruit,440.09,18,2023-03-16,1053,California,"Credit Card"
32,158,groceries,"action figure",288.03,2,2023-12-30,1039,Illinois,"Debit Card"
33,141,electronics,pants,261.14,19,2022-04-06,1025,California,"Debit Card"
34,191,clothing,laptop,218.06,13,2022-06-13,1079,Texas,Cash
35,159,groceries,vegetable,161.89,1,2022-05-28,1091,Texas,"Debit Card"
36,179,clothing,pants,220.13,2,2023-06-14,1064,California,"Credit Card"
37,114,groceries,vegetable,388.07,16,2022-10-21,1099,Texas,"Credit Card"
38,161,toys,shirt,302.95,15,2022-07-14,1073,Texas,"Credit Card"
39,161,books,vegetable,446.80,13,2023-10-25,1063,Illinois,PayPal
40,146,toys,laptop,224.47,16,2023-04-25,1042,Florida,PayPal
41,161,clothing,laptop,305.51,17,2022-05-03,1016,Illinois,"Debit Card"
42,150,books,"action figure",317.50,7,2023-02-04,1058,"New York",Cash
43,154,groceries,fiction,297.89,17,2023-11-30,1022,Illinois,Cash
44,163,books,shirt,352.80,7,2023-03-28,1006,California,Cash
45,102,electronics,mobile,122.53,13,2023-10-23,1043,Florida,PayPal
46,150,books,non-fiction,258.62,5,2022-04-14,1052,California,"Credit Card"
47,106,electronics,vegetable,56.59,17,2023-04-07,1070,"New York","Credit Card"
48,120,books,fiction,195.33,3,2023-12-19,1078,Florida,PayPal
49,172,electronics,"action figure",246.40,7,2023-12-11,1033,Texas,Cash
50,138,clothing,fruit,327.85,17,2023-01-31,1045,Illinois,Cash
51,117,toys,mobile,475.51,7,2022-12-03,1067,California,"Debit Card"
52,103,groceries,"board game",302.32,1,2023-08-22,1077,"New York","Debit Card"
53,188,books,fiction,373.08,17,2022-05-22,1077,Texas,Cash
54,159,toys,fruit,255.60,17,2022-11-13,1015,Illinois,PayPal
55,113,groceries,shirt,318.88,11,2023-12-12,1070,Texas,Cash
56,108,groceries,"action figure",40.11,3,2023-07-12,1095,Illinois,"Debit Card"
57,189,electronics,mobile,130.92,15,2023-06-11,1018,Florida,Cash
58,152,clothing,mobile,184.12,11,2023-07-10,1001,Texas,PayPal
59,101,clothing,mobile,238.88,16,2023-02-05,1009,Texas,"Credit Card"
60,183,toys,shirt,27.60,9,2023-11-12,1049,Texas,PayPal
61,191,clothing,vegetable,74.31,1,2022-11-06,1080,Florida,PayPal
62,159,books,"board game",142.02,16,2023-05-10,1011,"New York","Debit Card"
63,170,clothing,shirt,485.91,9,2023-07-10,1069,Illinois,PayPal
64,143,toys,non-fiction,169.02,19,2023-09-02,1021,Texas,PayPal
65,107,clothing,"board game",243.61,12,2022-04-19,1031,Florida,"Debit Card"
66,146,books,laptop,102.07,19,2023-01-07,1083,"New York","Debit Card"
67,134,electronics,"action figure",307.34,9,2023-09-08,1000,Illinois,"Credit Card"
68,177,toys,shirt,143.94,7,2022-07-25,1053,Florida,Cash
69,180,electronics,fruit,107.46,14,2022-02-12,1057,Illinois,PayPal
70,135,electronics,"board game",260.70,19,2022-09-02,1069,Texas,"Debit Card"
71,149,electronics,non-fiction,7.73,19,2022-10-14,1082,"New York","Credit Card"
72,103,groceries,laptop,8.79,2,2022-12-21,1017,Florida,Cash
73,101,groceries,vegetable,113.44,9,2023-04-21,1005,"New York","Debit Card"
74,105,electronics,fruit,23.18,13,2022-03-24,1044,Texas,Cash
75,153,toys,"board game",58.47,15,2022-04-20,1096,"New York",Cash
76,103,books,"action figure",172.74,3,2022-07-09,1022,"New York",PayPal
77,153,books,fruit,402.28,11,2022-09-08,1022,California,PayPal
78,192,clothing,laptop,288.16,14,2023-12-25,1025,"New York","Debit Card"
79,162,toys,fruit,258.77,8,2022-10-18,1076,Illinois,Cash
80,117,groceries,pants,150.28,18,2023-10-07,1006,Florida,"Debit Card"
81,189,electronics,fiction,466.22,19,2022-07-20,1078,California,"Debit Card"
82,143,clothing,vegetable,201.52,16,2022-11-22,1043,Florida,Cash
83,133,books,laptop,48.11,2,2023-05-26,1026,Florida,"Debit Card"
84,173,groceries,fruit,310.45,8,2023-02-13,1025,Texas,Cash
85,161,groceries,fiction,61.35,6,2023-08-30,1096,Texas,Cash
86,199,electronics,fiction,175.89,12,2023-05-23,1078,California,Cash
87,113,books,fruit,256.17,15,2023-08-24,1035,Texas,Cash
88,194,toys,"action figure",437.74,8,2022-03-13,1054,Texas,"Credit Card"
89,147,groceries,pants,249.31,4,2022-09-04,1063,Texas,Cash
90,114,electronics,shirt,352.62,15,2023-10-03,1090,Florida,PayPal
91,171,toys,pants,496.44,17,2023-12-25,1056,California,PayPal
92,177,books,fruit,70.09,13,2023-08-31,1068,Florida,PayPal
93,186,groceries,vegetable,140.99,18,2023-08-10,1060,Illinois,Cash
94,161,toys,shirt,200.32,2,2023-07-20,1001,Florida,PayPal
95,139,toys,laptop,213.80,13,2022-12-10,1054,Illinois,"Credit Card"
96,184,toys,pants,208.46,13,2022-02-23,1096,"New York","Debit Card"
97,179,groceries,fruit,454.27,15,2023-12-31,1079,"New York",Cash
98,181,groceries,pants,358.45,10,2023-06-12,1086,Illinois,PayPal
99,152,clothing,shirt,305.91,3,2023-09-03,1037,Illinois,"Credit Card"
100,123,books,non-fiction,158.14,19,2023-06-16,1079,Florida,"Debit Card"
101,125,electronics,"board game",412.78,3,2023-07-12,1077,Illinois,"Credit Card"
102,188,toys,pants,477.75,14,2022-07-12,1028,California,PayPal
103,159,clothing,laptop,411.49,8,2022-02-27,1025,"New York","Credit Card"
104,140,electronics,laptop,5.77,4,2023-03-13,1034,"New York","Debit Card"
105,128,clothing,mobile,320.02,11,2022-04-21,1078,Illinois,PayPal
106,114,groceries,pants,30.31,11,2022-05-09,1066,Texas,"Debit Card"
107,144,toys,"board game",132.52,11,2023-12-07,1086,Texas,"Credit Card"
108,164,electronics,"action figure",34.46,2,2022-11-22,1028,Illinois,Cash
109,188,electronics,fiction,303.88,17,2022-01-08,1033,California,Cash
110,170,electronics,"board game",344.86,9,2022-01-29,1096,Texas,Cash
111,108,electronics,fiction,61.67,2,2022-04-22,1040,Illinois,Cash
112,187,electronics,fiction,195.00,15,2023-11-04,1040,California,"Debit Card"
113,100,clothing,non-fiction,230.84,16,2022-05-11,1022,California,Cash
114,107,toys,mobile,187.68,4,2022-07-07,1070,Florida,"Debit Card"
115,187,groceries,"board game",64.91,8,2023-11-06,1002,California,PayPal
116,162,groceries,"board game",212.38,9,2023-12-10,1057,Texas,Cash
117,110,groceries,non-fiction,376.83,5,2023-04-20,1031,Texas,"Debit Card"
118,180,groceries,pants,40.15,16,2022-12-30,1030,Illinois,Cash
119,107,clothing,pants,44.69,13,2022-07-23,1081,Illinois,Cash
120,134,books,pants,180.61,7,2022-07-31,1042,California,Cash
121,134,toys,vegetable,471.15,17,2023-09-13,1006,"New York","Debit Card"
122,132,electronics,fiction,335.94,3,2022-10-03,1000,Florida,"Credit Card"
123,104,books,vegetable,340.94,5,2022-03-14,1060,"New York",Cash
124,140,groceries,mobile,184.15,19,2023-11-10,1013,California,Cash
125,127,books,non-fiction,298.86,12,2022-08-31,1051,California,PayPal
126,106,toys,"board game",10.01,7,2022-04-12,1095,"New York","Credit Card"
127,172,electronics,fiction,319.87,9,2023-11-16,1005,Florida,"Debit Card"
128,171,electronics,vegetable,457.08,6,2022-06-20,1009,"New York",PayPal
129,111,toys,vegetable,308.22,17,2023-10-15,1070,Illinois,Cash
130,133,toys,fruit,437.48,16,2022-07-07,1089,Texas,PayPal
131,132,groceries,vegetable,363.37,3,2023-03-17,1097,Illinois,PayPal
132,147,electronics,"action figure",64.68,4,2022-03-27,1029,Texas,Cash
133,122,books,"board game",451.71,10,2023-04-21,1099,California,"Credit Card"
134,161,clothing,"action figure",37.89,5,2022-02-21,1020,Florida,"Credit Card"
135,187,clothing,"board game",269.31,10,2022-04-21,1059,"New York",PayPal
136,136,toys,non-fiction,75.36,12,2022-02-12,1080,Florida,Cash
137,198,groceries,"board game",10.79,10,2022-07-30,1096,"New York","Debit Card"
138,143,clothing,"action figure",213.91,13,2022-07-19,1073,Illinois,PayPal
139,185,electronics,"board game",151.05,11,2023-09-19,1062,Illinois,"Debit Card"
140,190,toys,non-fiction,245.57,16,2022-01-26,1041,"New York",PayPal
141,134,books,non-fiction,290.71,8,2022-10-26,1050,Florida,PayPal
142,164,toys,mobile,26.65,8,2022-03-18,1063,"New York",Cash
143,198,books,"board game",65.89,8,2022-05-17,1075,California,Cash
144,146,toys,fruit,281.53,13,2022-01-20,1055,Illinois,"Debit Card"
145,177,toys,pants,174.87,2,2023-03-16,1079,California,"Debit Card"
146,102,toys,laptop,365.94,12,2022-07-30,1040,Illinois,"Credit Card"
147,100,books,non-fiction,327.88,10,2023-07-05,1031,Illinois,Cash
148,104,books,shirt,423.57,12,2023-03-11,1014,Texas,PayPal
149,189,toys,pants,347.78,11,2022-07-26,1061,California,PayPal
150,113,clothing,fiction,217.82,15,2023-03-15,1026,California,"Credit Card"
151,126,groceries,"board game",338.12,16,2023-10-28,1027,Texas,Cash
152,108,groceries,"action figure",141.31,17,2022-02-11,1080,Florida,PayPal
153,178,groceries,laptop,156.63,2,2023-02-15,1063,California,"Credit Card"
154,114,books,shirt,395.55,18,2023-06-07,1058,"New York","Credit Card"
155,189,books,pants,225.98,12,2023-09-02,1057,Texas,PayPal
156,141,clothing,"board game",400.20,19,2023-03-03,1001,California,PayPal
157,176,groceries,mobile,412.10,18,2022-10-02,1035,Florida,"Debit Card"
158,150,groceries,fiction,429.49,17,2023-03-24,1070,California,Cash
159,162,toys,laptop,458.73,6,2023-01-04,1012,Illinois,"Debit Card"
160,195,books,fruit,218.34,15,2022-08-08,1014,"New York","Credit Card"
161,151,groceries,mobile,162.84,3,2023-07-31,1088,Texas,PayPal
162,195,clothing,shirt,293.19,6,2022-08-20,1086,Illinois,"Debit Card"
163,103,clothing,laptop,188.73,3,2022-11-24,1059,Florida,"Credit Card"
164,193,groceries,mobile,302.53,1,2023-03-19,1021,Illinois,Cash
165,122,books,fiction,354.27,13,2022-02-21,1062,Illinois,PayPal
166,114,clothing,fruit,345.76,14,2023-01-11,1089,Florida,"Debit Card"
167,142,toys,mobile,190.40,13,2022-09-20,1096,Illinois,Cash
168,128,clothing,vegetable,87.60,4,2022-09-24,1074,Texas,"Debit Card"
169,135,electronics,fruit,218.11,7,2022-12-25,1073,California,"Credit Card"
170,112,electronics,shirt,75.58,10,2022-11-13,1024,Illinois,Cash
171,131,books,fiction,445.60,7,2022-11-20,1047,Texas,"Debit Card"
172,170,groceries,"board game",176.21,15,2023-10-28,1042,California,Cash
173,158,books,"action figure",81.46,15,2023-10-14,1037,California,"Credit Card"
174,185,books,"action figure",17.60,4,2023-07-17,1040,Illinois,Cash
175,127,books,"action figure",324.68,6,2023-09-21,1044,Texas,"Debit Card"
176,165,books,laptop,320.27,5,2023-02-25,1087,Illinois,"Credit Card"
177,141,toys,shirt,173.60,12,2022-02-15,1039,Florida,PayPal
178,144,toys,fiction,40.50,1,2023-08-23,1096,California,"Debit Card"
179,161,clothing,fruit,207.77,8,2023-12-21,1016,Illinois,"Debit Card"
180,156,electronics,laptop,159.05,1,2022-09-26,1087,California,"Credit Card"
181,105,books,shirt,340.17,5,2023-08-24,1056,Texas,"Credit Card"
182,127,clothing,"board game",304.86,6,2023-01-16,1001,"New York",PayPal
183,127,electronics,vegetable,185.47,3,2022-04-28,1095,Illinois,"Debit Card"
184,143,groceries,fiction,112.86,15,2023-07-20,1061,Illinois,"Credit Card"
185,183,toys,"action figure",494.08,5,2022-04-26,1087,California,PayPal
186,129,electronics,mobile,229.73,14,2023-09-22,1008,Texas,PayPal
187,161,groceries,fiction,345.70,18,2022-09-17,1067,Florida,"Credit Card"
188,174,electronics,non-fiction,74.57,16,2022-03-16,1080,Texas,"Debit Card"
189,191,toys,shirt,245.37,6,2023-04-25,1016,Illinois,Cash
190,188,toys,pants,18.63,14,2022-11-01,1049,Florida,Cash
191,161,clothing,"board game",255.20,8,2022-01-07,1093,Texas,PayPal
192,196,books,vegetable,482.19,7,2023-01-01,1039,"New York",Cash
193,100,electronics,"board game",195.18,8,2023-09-26,1057,California,Cash
194,126,electronics,fiction,24.30,13,2023-06-07,1074,Texas,"Credit Card"
195,161,groceries,pants,20.32,6,2022-12-14,1084,Texas,PayPal
196,176,toys,non-fiction,197.05,18,2023-03-14,1020,"New York","Debit Card"
197,102,electronics,fruit,84.21,2,2022-08-03,1017,Illinois,PayPal
198,169,toys,mobile,16.56,8,2023-03-05,1054,California,"Credit Card"
199,171,electronics,pants,379.33,11,2023-05-13,1028,Texas,Cash
200,126,clothing,shirt,231.97,1,2023-06-24,1023,Florida,"Debit Card"
201,108,books,"action figure",148.18,6,2023-01-02,1073,Texas,PayPal
202,161,electronics,non-fiction,450.54,16,2022-11-09,1016,California,Cash
203,136,toys,mobile,62.49,12,2023-06-22,1017,Texas,PayPal
204,196,clothing,vegetable,478.18,11,2022-02-23,1041,"New York","Debit Card"
205,150,electronics,"action figure",160.41,10,2023-06-25,1083,Texas,PayPal
206,143,groceries,fiction,444.76,3,2023-04-12,1044,Texas,PayPal
207,123,books,pants,303.46,13,2022-06-13,1081,Florida,PayPal
208,178,electronics,mobile,414.22,3,2022-11-30,1016,"New York",Cash
209,158,clothing,laptop,492.09,15,2023-07-01,1072,"New York","Debit Card"
210,131,groceries,fruit,147.76,16,2022-12-14,1013,Texas,"Debit Card"
211,195,clothing,fruit,480.76,13,2022-09-30,1048,Florida,Cash
212,187,clothing,non-fiction,197.79,17,2023-12-21,1028,Texas,Cash
213,151,groceries,vegetable,195.83,3,2023-02-18,1094,Texas,Cash
214,161,clothing,non-fiction,173.49,11,2023-05-15,1003,California,"Credit Card"
215,157,groceries,laptop,273.00,19,2022-04-03,1081,California,PayPal
216,151,electronics,shirt,81.30,11,2023-11-16,1019,Florida,PayPal
217,111,groceries,vegetable,279.09,16,2022-03-20,1046,Illinois,"Debit Card"
218,138,groceries,"board game",273.14,3,2023-09-14,1008,California,PayPal
219,101,books,shirt,382.14,6,2022-08-05,1076,Illinois,"Credit Card"
220,102,groceries,vegetable,417.66,14,2022-12-24,1078,"New York",Cash
221,155,groceries,vegetable,223.02,18,2023-09-10,1026,California,"Debit Card"
222,180,electronics,laptop,154.65,17,2023-05-22,1014,California,"Debit Card"
223,158,books,fiction,133.37,4,2023-07-13,1091,Florida,PayPal
224,101,toys,laptop,101.34,15,2022-06-30,1018,Illinois,"Debit Card"
225,101,electronics,vegetable,33.54,11,2023-07-30,1089,California,Cash
226,191,electronics,mobile,174.51,3,2022-09-03,1051,California,"Debit Card"
227,153,toys,shirt,138.77,3,2022-09-01,1025,Florida,Cash
228,186,groceries,laptop,483.38,16,2023-05-21,1088,Florida,"Credit Card"
229,195,clothing,fiction,281.07,5,2023-02-26,1025,Illinois,"Credit Card"
230,196,books,pants,176.90,10,2022-11-16,1025,"New York",Cash
231,100,clothing,non-fiction,292.33,19,2022-03-28,1045,"New York",PayPal
232,118,toys,vegetable,73.90,4,2022-08-05,1091,Texas,"Debit Card"
233,101,electronics,"board game",224.80,19,2023-05-05,1048,California,PayPal
234,152,electronics,pants,314.99,11,2023-06-03,1081,Illinois,"Debit Card"
235,143,books,fruit,247.00,2,2022-10-05,1095,California,"Credit Card"
236,189,electronics,"action figure",203.88,10,2023-12-23,1052,Illinois,"Credit Card"
237,131,electronics,fiction,496.95,11,2022-06-18,1002,Illinois,"Credit Card"
238,169,books,"board game",440.76,16,2022-11-26,1065,Illinois,"Debit Card"
239,131,books,"action figure",313.59,19,2023-10-12,1096,California,"Credit Card"
240,167,toys,fiction,286.84,11,2023-03-17,1041,Florida,"Credit Card"
241,154,electronics,mobile,312.23,14,2023-01-26,1018,California,"Credit Card"
242,174,electronics,non-fiction,104.65,2,2023-05-11,1016,Illinois,"Credit Card"
243,155,toys,pants,200.59,5,2023-01-16,1032,Texas,PayPal
244,116,groceries,shirt,24.53,5,2022-11-02,1075,"New York","Credit Card"
245,137,groceries,fiction,240.40,19,2023-11-04,1048,Illinois,"Credit Card"
246,123,groceries,shirt,273.80,12,2023-05-28,1055,Texas,PayPal
247,168,toys,non-fiction,117.74,18,2022-07-07,1062,Florida,PayPal
248,197,electronics,vegetable,482.19,4,2023-05-31,1002,Illinois,"Debit Card"
249,169,toys,fruit,455.18,17,2023-10-06,1048,Texas,Cash
250,185,toys,pants,362.46,10,2023-03-03,1054,Illinois,"Credit Card"
251,110,groceries,non-fiction,269.03,6,2023-05-17,1025,California,"Credit Card"
252,115,clothing,non-fiction,435.63,14,2023-12-31,1098,Texas,"Credit Card"
253,196,electronics,mobile,69.67,11,2022-09-17,1071,California,"Debit Card"
254,172,groceries,"action figure",396.30,11,2023-05-28,1051,California,"Credit Card"
255,158,clothing,fruit,66.79,18,2022-03-12,1099,Texas,Cash
256,169,clothing,pants,398.13,18,2023-04-23,1006,"New York",PayPal
257,179,books,vegetable,141.50,11,2022-06-27,1045,Texas,"Debit Card"
258,192,electronics,vegetable,439.16,12,2023-04-02,1045,"New York",PayPal
259,102,clothing,laptop,472.30,5,2022-07-08,1099,Illinois,"Credit Card"
260,119,groceries,non-fiction,78.65,9,2022-10-18,1015,Illinois,"Credit Card"
261,158,books,fiction,234.02,9,2023-06-04,1023,Texas,"Credit Card"
262,135,electronics,mobile,490.59,10,2022-10-19,1060,Illinois,Cash
263,118,toys,fruit,244.29,19,2023-09-27,1053,Florida,Cash
264,189,groceries,vegetable,432.46,1,2022-10-10,1061,California,"Debit Card"
265,166,clothing,pants,296.42,7,2023-06-28,1000,California,PayPal
266,118,clothing,laptop,190.79,4,2023-01-12,1048,"New York","Credit Card"
267,119,groceries,pants,146.46,1,2023-10-20,1024,Illinois,"Credit Card"
268,195,clothing,mobile,105.60,15,2022-06-05,1009,"New York","Credit Card"
269,170,books,fiction,382.09,8,2023-05-23,1079,California,"Credit Card"
270,151,electronics,laptop,196.34,12,2023-02-17,1015,California,Cash
271,132,books,laptop,258.08,18,2023-06-12,1057,Illinois,PayPal
272,139,clothing,"action figure",248.70,15,2022-12-21,1071,Florida,PayPal
273,138,toys,fruit,290.75,17,2023-07-13,1028,Florida,"Debit Card"
274,181,electronics,laptop,433.46,14,2022-07-06,1091,Illinois,Cash
275,100,electronics,"action figure",490.47,14,2022-01-31,1005,Illinois,"Credit Card"
276,110,groceries,"action figure",206.75,18,2022-09-17,1015,"New York",PayPal
277,191,groceries,mobile,414.62,18,2023-02-25,1019,Illinois,PayPal
278,156,toys,shirt,383.44,16,2023-06-13,1079,Florida,Cash
279,188,electronics,pants,288.90,1,2023-07-05,1070,Illinois,"Debit Card"
280,149,toys,fiction,478.24,11,2022-10-31,1077,"New York","Debit Card"
281,122,groceries,"board game",104.23,15,2022-02-08,1042,"New York","Credit Card"
282,130,groceries,pants,59.09,12,2023-05-04,1025,"New York","Debit Card"
283,193,electronics,laptop,427.71,8,2023-10-06,1089,"New York",PayPal
284,141,books,fiction,222.38,6,2023-06-26,1077,Texas,"Debit Card"
285,198,clothing,vegetable,424.25,3,2023-11-01,1070,Illinois,"Credit Card"
286,106,groceries,shirt,447.08,13,2022-10-05,1032,California,PayPal
287,115,groceries,vegetable,35.92,13,2022-07-22,1025,Illinois,"Debit Card"
288,189,books,vegetable,442.32,2,2022-03-07,1044,Texas,"Debit Card"
289,159,books,fruit,226.92,5,2022-04-18,1083,"New York",Cash
290,101,toys,pants,257.66,17,2022-09-25,1062,Texas,"Credit Card"
291,100,toys,"board game",315.16,6,2022-08-10,1066,Florida,"Debit Card"
292,147,clothing,mobile,463.56,2,2023-06-14,1051,Florida,Cash
293,111,clothing,"board game",14.46,4,2022-03-31,1067,Illinois,PayPal
294,168,electronics,vegetable,241.04,11,2023-11-24,1025,Illinois,Cash
295,136,toys,laptop,345.42,8,2022-09-12,1074,California,Cash
296,131,groceries,shirt,362.74,12,2023-03-31,1001,California,"Debit Card"
297,108,toys,non-fiction,347.80,8,2022-09-10,1013,Florida,"Debit Card"
298,198,groceries,"board game",71.55,11,2022-09-14,1029,"New York","Debit Card"
299,118,books,vegetable,153.20,8,2023-01-18,1048,Texas,Cash
300,147,toys,shirt,182.56,8,2023-03-18,1011,California,PayPal
301,179,books,fiction,403.20,17,2023-08-22,1089,California,"Credit Card"
302,102,clothing,pants,142.99,16,2022-03-31,1043,"New York",Cash
303,119,clothing,"action figure",109.30,14,2023-01-25,1032,"New York","Debit Card"
304,123,electronics,fruit,478.94,11,2023-08-05,1012,Illinois,"Credit Card"
305,153,toys,shirt,9.39,7,2022-02-13,1077,Texas,PayPal
306,132,books,laptop,498.92,16,2023-12-13,1087,"New York","Credit Card"
307,123,groceries,laptop,340.03,13,2023-10-26,1097,California,"Debit Card"
308,174,clothing,shirt,415.09,15,2023-08-21,1025,California,Cash
309,171,clothing,laptop,150.84,16,2022-01-19,1020,Florida,Cash
310,135,groceries,pants,12.09,9,2022-04-11,1027,"New York","Debit Card"
311,137,books,laptop,370.25,3,2023-08-30,1047,Illinois,Cash
312,183,books,"board game",417.90,19,2022-12-23,1099,Texas,"Debit Card"
313,198,toys,"action figure",371.54,5,2023-06-26,1039,Illinois,Cash
314,188,toys,laptop,75.71,10,2022-02-02,1065,California,Cash
315,198,electronics,"action figure",377.95,17,2022-08-17,1072,Illinois,Cash
316,124,clothing,vegetable,385.62,15,2023-06-08,1086,California,PayPal
317,192,toys,mobile,330.98,8,2023-09-22,1078,California,PayPal
318,117,books,pants,384.23,15,2022-06-04,1076,California,"Debit Card"
319,181,groceries,mobile,423.73,14,2023-02-27,1022,California,PayPal
320,165,books,vegetable,308.73,7,2022-09-03,1080,California,"Debit Card"
321,153,clothing,pants,48.86,12,2023-02-09,1047,Florida,"Credit Card"
322,134,books,shirt,246.38,17,2023-06-25,1001,Illinois,"Credit Card"
323,179,electronics,shirt,43.44,17,2022-06-10,1083,Florida,PayPal
324,160,clothing,"action figure",206.73,10,2023-12-03,1019,Florida,"Credit Card"
325,140,groceries,vegetable,206.52,19,2022-04-27,1058,"New York","Credit Card"
326,199,electronics,"action figure",37.67,14,2022-09-28,1045,"New York",Cash
327,132,clothing,fruit,177.67,11,2023-11-23,1002,"New York",Cash
328,167,groceries,laptop,59.94,2,2023-05-02,1054,Texas,"Debit Card"
329,132,electronics,non-fiction,405.08,18,2022-06-21,1011,"New York","Credit Card"
330,113,electronics,fruit,474.11,7,2022-10-01,1039,Illinois,"Debit Card"
331,120,clothing,laptop,40.80,12,2022-09-16,1065,Florida,"Debit Card"
332,147,toys,pants,477.78,2,2022-05-15,1099,Illinois,"Credit Card"
333,119,electronics,"action figure",263.68,18,2023-11-14,1077,"New York",PayPal
334,107,electronics,pants,153.29,6,2023-12-23,1015,Texas,"Credit Card"
335,106,groceries,pants,43.05,10,2023-02-26,1082,Texas,Cash
336,166,books,laptop,252.81,15,2023-02-25,1033,Florida,"Credit Card"
337,116,clothing,vegetable,398.29,5,2022-07-05,1043,Illinois,PayPal
338,132,clothing,laptop,355.01,3,2022-12-30,1005,California,"Debit Card"
339,147,toys,fiction,29.86,5,2023-08-30,1076,Illinois,"Debit Card"
340,175,toys,shirt,41.09,8,2023-01-13,1063,"New York",Cash
341,158,clothing,shirt,204.42,8,2023-06-07,1099,California,Cash
342,185,toys,fruit,151.17,8,2023-08-03,1021,Texas,Cash
343,121,groceries,shirt,120.03,12,2023-12-23,1017,Florida,"Debit Card"
344,129,clothing,laptop,144.10,8,2022-07-15,1011,Florida,Cash
345,137,toys,"board game",402.72,11,2022-04-08,1051,Texas,"Credit Card"
346,150,clothing,"action figure",464.97,14,2023-08-28,1093,"New York","Debit Card"
347,153,books,laptop,205.53,8,2022-01-22,1050,Texas,PayPal
348,107,electronics,laptop,453.52,10,2023-03-26,1070,"New York","Debit Card"
349,126,clothing,non-fiction,164.14,7,2022-06-21,1095,California,"Credit Card"
350,126,electronics,"action figure",240.84,17,2023-01-18,1047,Texas,"Credit Card"
351,197,toys,fiction,116.88,4,2022-05-14,1018,"New York",Cash
352,120,electronics,shirt,322.04,13,2023-03-02,1005,California,"Debit Card"
353,129,clothing,"action figure",489.60,4,2022-01-25,1083,Texas,"Debit Card"
354,196,books,shirt,303.73,5,2023-05-18,1026,Florida,"Debit Card"
355,127,toys,fruit,182.12,4,2022-07-04,1052,Texas,PayPal
356,163,clothing,"action figure",325.67,18,2022-03-26,1047,Illinois,Cash
357,196,toys,shirt,65.85,6,2023-07-21,1006,Texas,"Credit Card"
358,168,groceries,fiction,444.89,2,2022-05-24,1058,Illinois,"Credit Card"
359,160,electronics,mobile,254.03,11,2023-11-10,1068,California,Cash
360,147,groceries,pants,227.43,14,2023-02-16,1010,Texas,"Credit Card"
361,118,clothing,pants,295.00,5,2022-08-12,1014,California,"Credit Card"
362,103,books,fiction,314.27,6,2022-08-08,1063,California,Cash
363,134,toys,non-fiction,40.53,10,2022-06-28,1002,"New York","Credit Card"
364,163,electronics,mobile,342.90,8,2023-09-23,1068,California,"Debit Card"
365,148,toys,fruit,124.76,14,2023-03-09,1022,California,PayPal
366,116,clothing,fiction,358.41,3,2022-09-22,1052,Texas,Cash
367,143,toys,pants,412.15,12,2023-03-05,1036,Texas,PayPal
368,191,electronics,pants,402.96,16,2023-10-24,1008,Florida,"Credit Card"
369,129,clothing,pants,278.49,17,2023-02-20,1014,"New York","Credit Card"
370,192,toys,vegetable,262.48,1,2023-03-29,1002,California,"Debit Card"
371,145,books,fiction,75.72,10,2023-12-28,1092,"New York",Cash
372,105,clothing,laptop,388.80,10,2022-07-16,1069,Illinois,"Credit Card"
373,198,clothing,fruit,139.35,2,2023-07-08,1016,California,Cash
374,136,books,pants,250.86,9,2022-02-22,1025,"New York",Cash
375,123,groceries,shirt,145.72,13,2023-04-25,1020,Florida,Cash
376,192,electronics,fiction,71.25,16,2023-03-19,1071,Florida,Cash
377,145,groceries,vegetable,316.63,18,2022-11-26,1020,California,Cash
378,152,toys,fiction,31.89,19,2022-09-08,1010,Illinois,PayPal
379,194,books,fruit,375.58,12,2022-05-03,1037,Florida,"Debit Card"
380,198,groceries,vegetable,162.21,8,2023-01-22,1071,Florida,Cash
381,159,clothing,fruit,5.07,17,2022-12-05,1087,Illinois,PayPal
382,196,toys,fiction,258.01,15,2022-12-14,1034,"New York","Credit Card"
383,162,toys,laptop,28.19,10,2022-01-29,1013,Florida,Cash
384,184,groceries,fruit,141.70,15,2022-02-04,1013,Texas,"Credit Card"
385,131,groceries,vegetable,354.95,15,2023-06-02,1009,Florida,Cash
386,186,books,vegetable,36.03,7,2023-01-31,1011,"New York",PayPal
387,132,electronics,fruit,420.47,13,2023-09-15,1037,"New York",PayPal
388,166,groceries,"board game",6.89,17,2022-10-21,1033,California,PayPal
389,117,groceries,fiction,127.18,9,2023-08-12,1040,Texas,"Debit Card"
390,124,clothing,"board game",371.75,8,2022-12-15,1009,"New York","Credit Card"
391,194,toys,non-fiction,161.55,18,2022-05-27,1016,Illinois,"Debit Card"
392,153,electronics,fiction,55.44,13,2022-03-08,1016,Texas,Cash
393,157,clothing,fruit,183.32,16,2023-06-04,1066,Texas,"Credit Card"
394,166,books,mobile,138.84,9,2022-05-02,1061,Illinois,PayPal
395,145,books,fruit,422.14,12,2022-12-06,1094,Florida,"Credit Card"
396,123,groceries,"board game",160.11,12,2022-06-24,1000,Illinois,PayPal
397,131,groceries,laptop,395.52,6,2023-11-22,1011,Illinois,"Debit Card"
398,146,books,fruit,446.48,19,2023-08-20,1003,Florida,"Debit Card"
399,185,groceries,fruit,219.74,7,2023-03-27,1041,Florida,PayPal
400,122,electronics,laptop,455.42,3,2023-07-11,1012,Florida,PayPal
401,165,groceries,fruit,191.77,16,2022-05-16,1097,Florida,Cash
402,126,toys,pants,482.22,18,2022-01-16,1084,Florida,"Debit Card"
403,101,groceries,mobile,49.20,16,2022-11-29,1085,Illinois,"Debit Card"
404,189,clothing,shirt,345.07,7,2022-07-14,1003,California,Cash
405,116,electronics,mobile,249.44,4,2023-05-11,1081,California,"Debit Card"
406,132,clothing,fruit,196.89,8,2022-01-09,1068,"New York",PayPal
407,108,clothing,pants,318.19,13,2022-11-30,1018,California,"Credit Card"
408,142,toys,fiction,353.41,13,2022-11-29,1001,California,"Credit Card"
409,147,electronics,fruit,7.16,17,2022-11-23,1011,Illinois,"Debit Card"
410,138,electronics,"board game",87.64,17,2022-01-15,1080,Florida,Cash
411,192,electronics,pants,357.96,5,2023-09-06,1073,Florida,PayPal
412,141,electronics,laptop,334.86,6,2022-08-14,1097,Illinois,"Credit Card"
413,125,electronics,pants,483.19,19,2023-03-01,1005,California,PayPal
414,198,toys,laptop,381.71,13,2023-02-12,1007,Illinois,"Debit Card"
415,149,groceries,non-fiction,475.63,14,2022-04-23,1050,"New York","Debit Card"
416,124,clothing,shirt,352.76,4,2023-03-04,1010,Florida,"Credit Card"
417,123,electronics,"action figure",152.54,7,2022-01-01,1062,Texas,"Debit Card"
418,112,groceries,pants,57.16,8,2022-09-23,1056,"New York",Cash
419,159,groceries,vegetable,392.00,13,2023-05-06,1011,"New York","Debit Card"
420,106,clothing,"board game",323.85,6,2022-07-27,1072,Illinois,"Debit Card"
421,156,toys,fruit,28.85,6,2023-09-14,1001,California,"Debit Card"
422,135,books,"board game",183.22,3,2023-12-13,1007,Florida,PayPal
423,144,books,mobile,478.62,3,2023-01-04,1010,Texas,PayPal
424,119,groceries,"action figure",252.70,13,2022-11-02,1052,"New York","Credit Card"
425,164,clothing,mobile,219.20,2,2022-01-12,1099,Texas,"Credit Card"
426,107,books,non-fiction,231.56,16,2022-12-11,1009,California,"Credit Card"
427,115,groceries,"action figure",108.40,6,2023-04-10,1084,California,"Debit Card"
428,113,toys,"action figure",187.51,8,2023-12-01,1083,Texas,PayPal
429,175,books,mobile,188.06,8,2023-10-28,1007,Florida,Cash
430,186,groceries,laptop,30.92,6,2023-05-09,1035,California,"Debit Card"
431,114,groceries,mobile,384.95,14,2023-01-03,1092,Texas,"Debit Card"
432,191,electronics,"board game",211.17,3,2023-02-24,1075,"New York","Debit Card"
433,197,toys,laptop,411.98,10,2022-06-20,1013,Texas,Cash
434,165,electronics,"board game",425.92,3,2022-05-14,1053,Texas,"Credit Card"
435,131,clothing,non-fiction,109.94,12,2023-03-03,1084,Illinois,Cash
436,186,electronics,fruit,330.39,17,2022-01-25,1085,California,"Credit Card"
437,162,electronics,fiction,238.78,5,2023-06-14,1020,Florida,Cash
438,185,books,laptop,440.68,9,2022-07-09,1049,Florida,PayPal
439,150,groceries,non-fiction,111.79,7,2022-05-21,1093,Illinois,"Debit Card"
440,124,toys,vegetable,340.52,4,2023-07-09,1038,Florida,"Debit Card"
441,157,electronics,non-fiction,305.84,13,2023-10-20,1019,Texas,"Debit Card"
442,162,toys,mobile,151.17,13,2022-11-11,1087,Illinois,"Credit Card"
443,161,electronics,mobile,72.62,10,2023-03-20,1086,"New York",Cash
444,121,clothing,fiction,327.56,18,2022-11-15,1006,California,PayPal
445,157,electronics,non-fiction,370.61,17,2023-03-17,1008,California,Cash
446,157,books,shirt,161.24,13,2022-04-02,1000,California,"Debit Card"
447,185,groceries,fruit,324.19,17,2022-06-28,1025,Texas,PayPal
448,148,clothing,mobile,200.59,4,2022-02-25,1037,"New York",PayPal
449,151,electronics,fiction,358.04,1,2022-06-04,1037,Illinois,"Debit Card"
450,141,toys,fruit,103.61,1,2023-11-03,1060,Illinois,Cash
451,169,clothing,non-fiction,445.66,15,2022-04-21,1043,California,"Debit Card"
452,114,clothing,non-fiction,147.27,13,2022-05-17,1085,"New York",Cash
453,153,electronics,"action figure",187.05,17,2022-08-20,1043,"New York",PayPal
454,159,clothing,fiction,33.76,8,2023-04-13,1073,"New York",PayPal
455,196,toys,mobile,60.20,18,2023-04-26,1061,Florida,"Debit Card"
456,107,clothing,shirt,260.35,13,2022-03-09,1005,Florida,PayPal
457,152,toys,non-fiction,137.46,14,2022-09-06,1016,California,"Credit Card"
458,159,electronics,shirt,418.56,8,2022-11-19,1050,"New York",PayPal
459,104,groceries,non-fiction,12.27,8,2023-06-02,1037,"New York","Credit Card"
460,167,clothing,mobile,192.65,15,2023-03-08,1023,Illinois,PayPal
461,105,groceries,fruit,171.99,13,2023-05-02,1050,Illinois,"Debit Card"
462,195,toys,pants,14.57,7,2023-08-29,1009,California,"Debit Card"
463,193,clothing,fruit,66.56,5,2023-03-05,1071,"New York","Credit Card"
464,146,books,non-fiction,209.75,17,2022-09-26,1020,California,"Debit Card"
465,198,groceries,"board game",248.97,16,2023-12-10,1069,Illinois,PayPal
466,154,clothing,pants,205.12,2,2023-06-21,1084,Illinois,PayPal
467,139,groceries,pants,267.81,18,2022-05-28,1056,Florida,"Debit Card"
468,151,clothing,shirt,299.59,17,2022-04-28,1038,California,PayPal
469,115,electronics,fiction,9.91,7,2023-01-02,1087,California,Cash
470,112,groceries,shirt,234.73,13,2022-03-07,1032,"New York",Cash
471,129,books,shirt,481.93,18,2023-01-05,1058,"New York",PayPal
472,118,books,"board game",261.92,14,2022-06-24,1017,Florida,"Debit Card"
473,116,toys,fruit,340.38,18,2023-08-11,1055,Texas,"Credit Card"
474,162,clothing,fruit,159.37,13,2023-05-10,1091,Texas,"Debit Card"
475,118,groceries,vegetable,388.13,11,2022-04-24,1056,Texas,"Credit Card"
476,191,toys,non-fiction,387.60,16,2022-04-21,1095,California,"Debit Card"
477,157,groceries,"board game",263.04,17,2023-03-15,1075,California,PayPal
478,154,clothing,vegetable,488.13,8,2023-12-16,1047,Illinois,Cash
479,189,books,mobile,67.15,19,2022-05-27,1041,California,"Debit Card"
480,189,electronics,non-fiction,13.39,15,2022-02-04,1026,California,"Credit Card"
481,161,books,non-fiction,386.23,9,2022-11-05,1073,California,Cash
482,122,toys,"action figure",404.54,10,2023-06-22,1051,Florida,"Credit Card"
483,108,electronics,"action figure",64.50,12,2022-01-14,1041,California,PayPal
484,111,toys,laptop,136.46,1,2023-01-09,1031,"New York",Cash
485,100,clothing,laptop,13.69,9,2023-07-11,1025,"New York","Credit Card"
486,157,electronics,shirt,150.19,15,2023-03-04,1024,Illinois,"Debit Card"
487,100,toys,mobile,387.71,1,2023-12-29,1074,Florida,PayPal
488,133,clothing,pants,261.39,12,2022-08-21,1022,"New York",PayPal
489,195,books,pants,177.31,3,2023-12-06,1097,Florida,PayPal
490,147,clothing,"action figure",189.01,11,2023-07-17,1056,Florida,"Debit Card"
491,188,groceries,"action figure",5.67,2,2023-12-27,1051,Illinois,"Debit Card"
492,100,clothing,"action figure",153.40,16,2023-10-25,1086,Florida,Cash
493,115,clothing,"board game",325.00,9,2023-03-16,1092,California,"Debit Card"
494,160,groceries,fiction,487.23,15,2023-05-17,1030,Florida,Cash
495,163,toys,laptop,424.30,12,2022-10-02,1063,Illinois,PayPal
496,162,toys,"board game",16.68,1,2022-03-17,1070,Illinois,Cash
497,168,clothing,fruit,449.79,13,2023-03-15,1032,Illinois,"Credit Card"
498,121,groceries,pants,392.68,14,2023-11-30,1084,"New York",PayPal
499,192,groceries,non-fiction,391.29,8,2022-10-16,1001,California,PayPal
500,166,books,laptop,231.71,8,2023-06-24,1017,"New York",Cash
501,175,toys,vegetable,202.01,12,2023-11-23,1046,Texas,PayPal
502,125,electronics,fruit,154.94,1,2022-09-10,1032,California,"Debit Card"
503,115,toys,laptop,37.52,11,2022-05-06,1097,Florida,"Credit Card"
504,150,toys,"board game",117.98,8,2022-06-26,1083,Illinois,Cash
505,185,books,mobile,127.07,10,2022-02-06,1034,Texas,Cash
506,156,electronics,non-fiction,244.62,19,2023-02-14,1050,California,PayPal
507,128,books,laptop,374.98,11,2023-09-03,1017,"New York","Debit Card"
508,177,electronics,fiction,239.54,7,2023-09-02,1087,Illinois,PayPal
509,191,clothing,"action figure",33.63,11,2022-05-07,1071,"New York",PayPal
510,168,electronics,"action figure",479.11,17,2023-04-28,1029,California,Cash
511,146,books,non-fiction,471.65,1,2022-06-17,1043,California,PayPal
512,193,toys,"board game",393.67,8,2023-08-15,1052,Texas,"Credit Card"
513,161,electronics,"action figure",495.71,6,2022-10-21,1009,Florida,PayPal
514,168,electronics,laptop,274.52,18,2023-09-30,1086,"New York",PayPal
515,175,groceries,vegetable,481.57,6,2022-12-09,1051,Texas,Cash
516,115,toys,pants,42.42,5,2022-11-06,1048,Illinois,PayPal
517,189,clothing,pants,186.01,13,2023-10-24,1010,Florida,"Debit Card"
518,189,books,fruit,116.56,19,2023-06-12,1065,Texas,Cash
519,147,clothing,shirt,101.94,8,2023-06-24,1057,"New York",PayPal
520,184,toys,mobile,74.70,9,2023-02-23,1089,California,"Credit Card"
521,138,electronics,non-fiction,313.09,17,2023-03-20,1035,Illinois,"Credit Card"
522,199,electronics,fruit,391.75,3,2023-11-16,1032,"New York",Cash
523,132,toys,shirt,291.26,19,2023-07-12,1046,Florida,Cash
524,193,electronics,"board game",77.75,11,2022-08-24,1012,Florida,PayPal
525,122,electronics,fiction,406.51,17,2023-03-15,1039,California,"Debit Card"
526,109,electronics,fiction,319.80,19,2022-08-02,1088,California,PayPal
527,168,books,mobile,197.14,2,2022-03-26,1067,Illinois,"Credit Card"
528,199,books,"action figure",338.69,8,2022-03-26,1041,Illinois,"Debit Card"
529,133,groceries,laptop,133.65,19,2023-05-04,1018,California,"Debit Card"
530,151,clothing,fruit,175.87,7,2022-03-06,1081,California,"Debit Card"
531,194,toys,fruit,459.16,17,2023-10-08,1093,Florida,PayPal
532,109,toys,non-fiction,148.80,6,2023-10-25,1018,California,"Credit Card"
533,118,toys,non-fiction,237.64,19,2023-09-19,1057,Texas,Cash
534,157,groceries,fiction,445.62,6,2022-03-05,1022,"New York",PayPal
535,195,books,fiction,355.32,2,2022-12-09,1053,California,Cash
536,100,groceries,vegetable,35.79,6,2022-12-18,1079,Illinois,"Debit Card"
537,168,toys,vegetable,77.92,5,2022-06-07,1064,Texas,"Debit Card"
538,103,clothing,"action figure",8.88,19,2023-08-12,1011,Illinois,PayPal
539,115,electronics,vegetable,317.31,4,2023-05-06,1023,Texas,"Credit Card"
540,123,books,laptop,226.60,17,2023-10-20,1033,California,"Debit Card"
541,179,books,laptop,71.47,11,2023-04-08,1052,"New York",Cash
542,101,groceries,fruit,479.18,4,2022-08-13,1007,Illinois,Cash
543,191,books,pants,267.18,13,2022-11-09,1017,Texas,PayPal
544,131,toys,laptop,124.74,17,2023-09-07,1056,Florida,Cash
545,190,toys,shirt,252.80,9,2023-04-11,1004,California,"Credit Card"
546,183,groceries,fiction,341.41,4,2022-03-29,1025,"New York","Debit Card"
547,123,toys,non-fiction,42.74,14,2022-10-30,1029,California,Cash
548,111,clothing,vegetable,140.98,19,2023-11-11,1053,Florida,Cash
549,149,groceries,fruit,404.45,3,2023-03-11,1012,"New York","Debit Card"
550,134,clothing,mobile,232.53,14,2023-11-13,1082,Florida,PayPal
551,132,electronics,non-fiction,275.56,8,2022-05-15,1028,California,Cash
552,132,clothing,shirt,219.24,1,2022-02-19,1002,Texas,PayPal
553,160,electronics,vegetable,26.73,10,2023-03-08,1089,California,PayPal
554,150,electronics,shirt,87.05,18,2022-12-06,1057,California,Cash
555,142,clothing,fiction,225.54,16,2022-12-13,1075,California,"Credit Card"
556,111,groceries,fiction,108.55,8,2023-10-08,1001,Illinois,PayPal
557,166,toys,"action figure",29.74,1,2022-12-13,1074,Florida,Cash
558,164,toys,fruit,422.61,12,2023-10-11,1027,Florida,PayPal
559,132,electronics,non-fiction,490.69,8,2022-09-02,1081,Florida,"Debit Card"
560,139,electronics,"board game",397.61,16,2022-04-19,1076,Illinois,"Credit Card"
561,173,groceries,"board game",427.62,18,2023-06-17,1085,Texas,"Credit Card"
562,142,books,non-fiction,124.78,4,2022-03-31,1075,California,"Debit Card"
563,143,clothing,mobile,480.51,6,2022-10-23,1001,Texas,"Debit Card"
564,128,electronics,fruit,102.48,12,2022-04-22,1006,Illinois,PayPal
565,112,toys,shirt,475.96,9,2023-08-12,1025,Florida,"Debit Card"
566,111,groceries,mobile,497.44,15,2022-06-26,1089,California,"Credit Card"
567,194,clothing,pants,357.30,16,2022-12-09,1087,"New York","Debit Card"
568,145,groceries,non-fiction,490.67,12,2023-10-22,1075,"New York",Cash
569,101,clothing,shirt,286.92,14,2022-04-11,1015,Texas,Cash
570,134,clothing,"board game",133.47,13,2023-09-21,1022,Florida,PayPal
571,186,electronics,laptop,221.31,2,2023-08-27,1039,"New York","Credit Card"
572,180,groceries,"action figure",298.81,3,2023-02-05,1059,Texas,Cash
573,189,groceries,"board game",41.18,10,2022-01-28,1072,Illinois,"Debit Card"
574,107,toys,fruit,313.06,9,2023-06-21,1031,Texas,Cash
575,192,toys,fiction,490.68,8,2022-02-27,1014,Texas,Cash
576,125,electronics,laptop,99.10,10,2023-05-13,1012,Texas,PayPal
577,173,electronics,"action figure",397.33,19,2022-10-24,1004,California,"Debit Card"
578,189,books,"action figure",454.41,3,2022-05-14,1074,Texas,"Debit Card"
579,133,toys,pants,472.13,5,2022-11-27,1073,Texas,"Debit Card"
580,106,clothing,pants,480.27,3,2022-09-06,1051,California,PayPal
581,167,groceries,vegetable,263.12,16,2023-07-04,1076,California,"Debit Card"
582,157,electronics,"board game",488.77,17,2022-03-16,1040,Illinois,"Debit Card"
583,174,groceries,"board game",379.87,15,2023-10-16,1052,Florida,Cash
584,128,groceries,"board game",85.03,3,2022-06-17,1049,"New York",Cash
585,135,books,vegetable,241.07,12,2023-05-18,1014,"New York","Debit Card"
586,188,toys,mobile,360.57,9,2022-12-21,1006,Texas,"Credit Card"
587,120,electronics,"action figure",127.43,12,2022-08-13,1039,Illinois,"Credit Card"
588,135,groceries,laptop,322.10,15,2023-10-26,1027,Texas,"Debit Card"
589,109,electronics,fruit,334.97,2,2023-06-15,1031,"New York","Credit Card"
590,172,clothing,"action figure",85.54,18,2022-05-26,1098,California,PayPal
591,123,books,pants,284.72,12,2022-08-29,1014,Florida,Cash
592,163,clothing,shirt,386.96,4,2022-12-10,1099,Illinois,PayPal
593,198,electronics,fiction,251.95,16,2022-02-04,1084,California,Cash
594,148,electronics,vegetable,10.99,16,2023-12-03,1069,Florida,"Credit Card"
595,198,toys,non-fiction,9.47,1,2022-01-01,1064,Illinois,"Credit Card"
596,135,groceries,shirt,181.73,2,2022-06-02,1003,Illinois,"Debit Card"
597,181,groceries,fruit,463.47,3,2023-03-05,1010,"New York","Credit Card"
598,195,clothing,"board game",118.20,17,2023-05-23,1025,California,"Credit Card"
599,123,books,pants,319.01,1,2022-05-06,1060,Illinois,"Debit Card"
600,122,groceries,pants,114.93,6,2023-05-06,1036,Illinois,"Debit Card"
601,161,toys,pants,164.23,15,2023-04-27,1022,Florida,Cash
602,195,clothing,"board game",424.78,14,2022-12-11,1092,"New York","Credit Card"
603,136,clothing,non-fiction,365.79,15,2022-08-09,1084,Texas,Cash
604,111,toys,vegetable,52.22,14,2023-12-24,1090,"New York",Cash
605,154,books,shirt,217.21,5,2022-01-25,1039,Texas,PayPal
606,112,toys,"board game",19.44,6,2023-06-12,1076,California,"Credit Card"
607,122,books,fruit,243.04,17,2022-07-01,1022,California,"Credit Card"
608,188,toys,vegetable,332.90,11,2023-05-14,1015,Illinois,PayPal
609,198,toys,fruit,63.66,16,2023-10-03,1093,California,Cash
610,129,electronics,vegetable,148.00,12,2022-02-11,1060,Illinois,"Credit Card"
611,116,clothing,non-fiction,201.93,15,2023-04-26,1067,"New York",Cash
612,161,toys,fiction,460.17,4,2023-03-15,1079,California,PayPal
613,183,toys,fruit,496.66,18,2023-02-06,1030,"New York","Debit Card"
614,188,groceries,"board game",27.23,3,2023-06-30,1052,"New York",Cash
615,185,clothing,vegetable,381.70,8,2022-12-11,1024,California,"Credit Card"
616,112,groceries,pants,189.00,3,2022-02-14,1043,"New York","Debit Card"
617,158,clothing,"action figure",199.27,8,2023-10-08,1011,California,Cash
618,118,groceries,pants,378.36,18,2022-01-21,1089,California,Cash
619,148,toys,mobile,459.62,10,2023-09-26,1096,California,"Debit Card"
620,199,toys,fiction,475.71,17,2022-03-11,1091,Texas,"Debit Card"
621,111,electronics,fiction,290.68,8,2022-02-17,1008,"New York","Debit Card"
622,160,groceries,pants,181.77,11,2023-05-06,1011,Florida,"Credit Card"
623,118,books,shirt,394.84,5,2023-07-05,1068,California,"Credit Card"
624,175,electronics,non-fiction,129.25,13,2022-10-14,1053,"New York",Cash
625,108,groceries,fruit,284.22,5,2022-01-10,1053,Illinois,Cash
626,170,groceries,"board game",182.50,13,2023-06-26,1027,California,PayPal
627,127,electronics,fiction,330.03,6,2022-10-01,1055,California,"Credit Card"
628,177,toys,pants,124.00,5,2023-08-23,1098,Florida,Cash
629,194,groceries,pants,99.84,9,2023-01-16,1068,Texas,"Debit Card"
630,151,toys,non-fiction,459.53,16,2022-11-25,1097,Texas,"Debit Card"
631,182,electronics,non-fiction,55.39,2,2023-04-24,1097,California,"Credit Card"
632,115,toys,laptop,255.45,1,2022-01-15,1076,"New York","Debit Card"
633,168,clothing,laptop,114.32,8,2023-05-31,1057,Illinois,PayPal
634,198,books,shirt,24.27,19,2022-07-10,1077,Illinois,Cash
635,111,groceries,shirt,22.83,11,2022-06-17,1074,"New York",Cash
636,124,books,mobile,91.73,12,2023-06-05,1041,California,Cash
637,151,toys,shirt,434.05,12,2023-09-13,1037,Illinois,"Credit Card"
638,184,groceries,vegetable,144.83,7,2022-05-17,1067,Texas,"Debit Card"
639,199,toys,non-fiction,475.48,13,2022-06-03,1052,"New York",PayPal
640,152,clothing,"board game",292.90,8,2023-01-23,1032,Florida,"Credit Card"
641,122,electronics,vegetable,221.12,9,2022-07-28,1070,California,Cash
642,115,groceries,fruit,292.14,7,2022-09-29,1055,"New York",PayPal
643,156,clothing,pants,260.77,15,2022-05-23,1071,Illinois,Cash
644,138,clothing,shirt,380.59,2,2023-09-03,1050,California,Cash
645,152,groceries,pants,144.84,12,2022-03-10,1073,Texas,"Credit Card"
646,141,toys,fiction,179.76,1,2022-09-04,1042,California,Cash
647,157,clothing,mobile,447.58,8,2022-09-18,1014,California,PayPal
648,138,books,fiction,473.50,5,2022-03-20,1037,Texas,Cash
649,113,clothing,mobile,446.82,15,2023-10-20,1014,Texas,"Debit Card"
650,194,toys,laptop,212.63,1,2023-09-15,1004,California,Cash
651,104,toys,pants,391.28,1,2023-08-28,1092,Texas,"Credit Card"
652,134,books,mobile,240.79,10,2023-06-09,1082,"New York",PayPal
653,186,clothing,"action figure",251.28,10,2023-09-13,1053,Texas,"Credit Card"
654,192,toys,vegetable,106.32,15,2022-11-26,1050,Texas,"Debit Card"
655,174,groceries,mobile,297.61,17,2022-07-08,1009,California,Cash
656,117,electronics,mobile,97.14,6,2022-04-05,1011,"New York","Credit Card"
657,175,electronics,vegetable,169.12,3,2023-09-09,1003,Florida,"Credit Card"
658,108,electronics,pants,428.24,13,2022-01-08,1094,Florida,"Credit Card"
659,173,clothing,pants,107.50,16,2022-03-08,1017,Illinois,"Credit Card"
660,157,books,vegetable,40.22,8,2023-05-11,1079,Texas,"Debit Card"
661,116,toys,fiction,39.16,15,2022-07-10,1035,Texas,"Debit Card"
662,106,groceries,"action figure",470.69,17,2023-01-01,1024,"New York",Cash
663,145,groceries,"board game",255.93,17,2023-06-05,1086,Florida,Cash
664,112,clothing,fruit,207.66,13,2022-04-27,1075,Illinois,PayPal
665,139,electronics,"action figure",406.38,17,2022-09-24,1097,"New York","Debit Card"
666,141,clothing,pants,418.73,6,2023-09-03,1035,Texas,"Credit Card"
667,108,books,"board game",169.43,17,2023-04-30,1066,Florida,"Credit Card"
668,149,books,laptop,348.34,16,2023-05-24,1008,Illinois,PayPal
669,126,toys,shirt,386.71,14,2022-10-25,1060,California,"Credit Card"
670,165,toys,mobile,329.05,13,2022-06-13,1052,Florida,PayPal
671,104,books,vegetable,80.04,6,2023-01-11,1017,Illinois,Cash
672,128,books,vegetable,438.56,3,2023-10-15,1042,"New York","Debit Card"
673,136,books,mobile,271.85,14,2022-09-25,1034,California,PayPal
674,137,clothing,shirt,144.82,14,2023-07-03,1062,Illinois,"Credit Card"
675,182,books,fruit,215.49,15,2022-03-15,1097,Illinois,PayPal
676,107,groceries,shirt,23.60,8,2023-05-23,1077,Texas,Cash
677,164,electronics,"board game",68.29,15,2022-03-14,1003,Florida,"Credit Card"
678,185,books,shirt,383.95,13,2022-11-04,1092,Texas,Cash
679,116,electronics,"board game",5.01,17,2022-07-18,1040,California,Cash
680,170,clothing,shirt,211.20,3,2022-05-10,1044,Illinois,PayPal
681,188,electronics,fruit,263.64,6,2023-07-26,1049,Texas,Cash
682,144,clothing,fruit,32.04,5,2023-09-07,1078,Florida,"Credit Card"
683,103,groceries,pants,486.67,17,2023-05-02,1027,California,Cash
684,135,clothing,mobile,116.93,2,2022-05-31,1041,"New York",Cash
685,169,clothing,fruit,155.58,15,2023-10-31,1079,Texas,PayPal
686,130,toys,"board game",155.45,5,2022-07-25,1075,California,Cash
687,118,books,fruit,119.06,6,2022-06-28,1068,"New York","Debit Card"
688,160,books,pants,5.73,6,2022-07-16,1097,Texas,PayPal
689,153,groceries,vegetable,366.03,18,2022-03-30,1000,California,PayPal
690,138,groceries,"board game",483.59,18,2023-03-10,1038,California,"Credit Card"
691,190,books,pants,116.03,4,2022-07-02,1095,Texas,"Credit Card"
692,173,toys,fiction,333.21,17,2022-07-28,1089,California,"Credit Card"
693,189,books,fiction,372.24,14,2023-05-08,1016,Illinois,"Credit Card"
694,118,toys,laptop,424.97,14,2022-05-10,1090,Texas,"Debit Card"
695,138,groceries,shirt,214.20,13,2023-10-27,1087,California,PayPal
696,166,electronics,mobile,154.95,7,2022-01-13,1034,"New York",Cash
697,144,groceries,non-fiction,166.02,12,2023-09-26,1045,"New York","Credit Card"
698,112,groceries,"action figure",357.75,15,2022-04-16,1041,Illinois,"Credit Card"
699,191,clothing,pants,409.31,19,2023-01-10,1038,Texas,"Credit Card"
700,157,clothing,vegetable,94.90,11,2023-08-05,1089,California,Cash
701,119,clothing,"action figure",188.62,15,2023-12-08,1048,California,"Credit Card"
702,191,clothing,vegetable,451.46,12,2023-11-29,1061,"New York",Cash
703,171,toys,"action figure",404.31,3,2022-04-09,1037,Illinois,PayPal
704,160,books,pants,492.50,17,2023-08-17,1022,"New York",PayPal
705,138,electronics,non-fiction,378.35,3,2023-08-10,1021,"New York",PayPal
706,100,groceries,"action figure",199.63,19,2022-07-11,1003,Illinois,"Debit Card"
707,102,toys,pants,297.37,4,2022-11-21,1048,Texas,Cash
708,176,electronics,fruit,332.20,3,2023-12-27,1058,California,"Credit Card"
709,191,toys,non-fiction,43.84,16,2023-04-12,1072,Texas,"Credit Card"
710,161,toys,"board game",274.53,12,2023-01-02,1067,Florida,"Credit Card"
711,162,groceries,vegetable,356.11,8,2022-11-14,1070,Florida,"Credit Card"
712,124,books,fiction,87.82,17,2022-05-24,1086,Florida,"Debit Card"
713,155,clothing,shirt,391.41,7,2023-01-19,1001,Illinois,"Credit Card"
714,132,books,fiction,293.97,11,2022-08-04,1048,"New York","Debit Card"
715,137,groceries,non-fiction,476.35,18,2022-12-27,1087,Texas,Cash
716,105,groceries,"board game",26.00,1,2022-11-20,1094,California,PayPal
717,157,groceries,vegetable,136.34,3,2022-01-15,1030,Florida,"Credit Card"
718,143,electronics,"board game",302.77,4,2022-08-05,1039,Texas,PayPal
719,144,books,"action figure",151.80,13,2023-05-07,1047,Florida,Cash
720,131,books,vegetable,358.64,6,2023-07-01,1050,Florida,Cash
721,144,toys,"action figure",380.71,14,2022-07-02,1042,California,"Credit Card"
722,160,toys,pants,55.75,5,2022-09-27,1097,Illinois,Cash
723,146,toys,non-fiction,259.36,16,2023-04-12,1054,"New York",PayPal
724,120,groceries,pants,256.90,15,2023-09-04,1087,Illinois,"Credit Card"
725,179,books,laptop,187.79,15,2023-06-03,1048,Texas,"Debit Card"
726,184,groceries,"board game",466.80,4,2023-06-26,1089,Illinois,"Credit Card"
727,174,electronics,"action figure",414.62,8,2023-04-12,1079,Texas,PayPal
728,135,toys,fruit,350.12,16,2022-11-01,1056,Texas,"Credit Card"
729,198,groceries,pants,358.59,16,2022-05-24,1076,"New York","Credit Card"
730,118,groceries,laptop,233.55,4,2022-04-21,1014,California,PayPal
731,119,electronics,mobile,460.89,13,2022-08-20,1026,"New York","Credit Card"
732,156,clothing,fiction,348.82,13,2023-11-22,1067,Illinois,"Credit Card"
733,117,books,vegetable,365.85,2,2023-08-07,1079,Texas,PayPal
734,146,clothing,laptop,431.54,3,2023-12-23,1063,Florida,Cash
735,148,toys,non-fiction,140.67,8,2023-08-15,1093,Florida,PayPal
736,113,groceries,pants,404.50,15,2023-05-15,1029,Texas,"Credit Card"
737,114,electronics,non-fiction,101.64,11,2023-08-18,1035,"New York","Debit Card"
738,130,electronics,fiction,175.94,9,2023-07-08,1066,California,"Debit Card"
739,100,books,fruit,171.13,7,2022-09-30,1085,"New York",PayPal
740,153,clothing,"board game",489.37,13,2023-12-04,1085,Texas,"Debit Card"
741,102,books,"board game",428.99,2,2022-06-22,1048,Texas,"Credit Card"
742,115,groceries,non-fiction,352.08,8,2022-01-07,1075,California,"Credit Card"
743,186,books,"action figure",364.89,7,2022-06-04,1054,Illinois,PayPal
744,156,electronics,fruit,283.23,12,2023-06-06,1084,Illinois,"Credit Card"
745,174,electronics,"board game",473.81,19,2023-06-30,1055,California,Cash
746,111,toys,fruit,250.65,7,2023-07-02,1067,Illinois,"Credit Card"
747,173,toys,laptop,193.36,10,2023-06-02,1094,Florida,PayPal
748,195,groceries,fruit,85.70,16,2022-08-03,1043,Illinois,Cash
749,115,clothing,shirt,394.17,3,2022-05-14,1030,Illinois,Cash
750,171,books,fiction,368.55,10,2022-10-12,1057,Illinois,"Debit Card"
751,175,groceries,"board game",195.26,6,2022-05-06,1086,Florida,"Credit Card"
752,123,toys,fruit,17.47,18,2023-03-15,1052,Illinois,PayPal
753,127,books,non-fiction,420.30,18,2023-11-17,1083,Florida,"Debit Card"
754,107,toys,mobile,10.65,5,2022-06-01,1078,California,"Debit Card"
755,191,books,shirt,353.33,7,2022-11-27,1022,"New York","Credit Card"
756,135,clothing,shirt,485.28,2,2023-06-22,1027,California,"Credit Card"
757,189,groceries,"action figure",221.64,11,2023-01-18,1015,"New York",PayPal
758,107,books,fruit,121.31,13,2022-04-25,1036,California,"Debit Card"
759,157,electronics,"action figure",353.91,5,2023-04-27,1020,"New York",PayPal
760,159,electronics,"action figure",409.48,6,2022-10-11,1078,"New York","Debit Card"
761,149,books,mobile,275.48,14,2022-03-16,1016,Texas,"Debit Card"
762,127,books,laptop,483.68,12,2022-06-15,1036,"New York","Debit Card"
763,191,books,fruit,30.58,4,2022-07-08,1076,"New York","Credit Card"
764,140,electronics,pants,254.87,6,2022-03-19,1018,Texas,"Debit Card"
765,199,electronics,"board game",360.63,10,2023-08-25,1029,Illinois,"Debit Card"
766,163,books,"action figure",432.01,18,2023-11-19,1044,Illinois,"Debit Card"
767,126,toys,fiction,93.73,15,2022-01-21,1017,Texas,Cash
768,162,toys,vegetable,401.00,8,2023-07-20,1077,Florida,"Credit Card"
769,116,clothing,fiction,278.59,9,2022-07-03,1061,"New York",Cash
770,172,groceries,mobile,201.29,5,2022-08-10,1035,"New York","Credit Card"
771,132,toys,mobile,70.20,10,2022-11-24,1099,Texas,PayPal
772,183,electronics,non-fiction,433.32,6,2022-06-28,1083,Texas,Cash
773,176,toys,laptop,82.85,16,2022-04-22,1051,Florida,PayPal
774,191,clothing,"board game",158.34,3,2023-12-27,1018,Illinois,"Debit Card"
775,128,clothing,"action figure",148.57,10,2022-02-28,1043,California,PayPal
776,112,groceries,fiction,436.35,11,2022-11-23,1006,Illinois,PayPal
777,145,toys,vegetable,337.99,11,2023-09-13,1043,"New York",PayPal
778,134,electronics,mobile,399.36,17,2023-10-31,1067,Texas,PayPal
779,105,electronics,mobile,128.98,4,2022-07-10,1033,Florida,"Credit Card"
780,181,books,laptop,314.31,4,2022-07-19,1065,Illinois,Cash
781,168,electronics,vegetable,288.01,17,2022-11-08,1068,Florida,"Credit Card"
782,146,groceries,vegetable,417.25,9,2023-12-09,1054,Illinois,"Credit Card"
783,124,groceries,laptop,453.51,19,2022-02-04,1009,"New York","Credit Card"
784,165,electronics,mobile,11.02,5,2023-01-14,1095,California,PayPal
785,109,electronics,"board game",338.64,6,2023-01-22,1041,Florida,"Credit Card"
786,155,books,fruit,30.66,3,2022-08-25,1040,Florida,Cash
787,129,electronics,fruit,276.69,1,2023-09-08,1076,California,"Credit Card"
788,104,books,laptop,147.38,16,2023-06-03,1068,Florida,"Debit Card"
789,132,books,vegetable,156.85,11,2022-10-10,1009,Florida,PayPal
790,164,electronics,"action figure",179.71,13,2022-01-01,1009,Illinois,"Debit Card"
791,117,clothing,laptop,312.54,10,2023-04-09,1090,Illinois,Cash
792,195,clothing,"board game",170.35,3,2022-08-18,1059,California,Cash
793,148,books,laptop,367.69,9,2022-06-21,1050,"New York",Cash
794,110,electronics,shirt,205.24,12,2022-03-28,1020,Florida,Cash
795,184,clothing,fiction,38.83,14,2023-07-07,1007,"New York","Credit Card"
796,125,electronics,vegetable,392.96,1,2022-05-03,1064,California,PayPal
797,162,electronics,non-fiction,146.45,18,2022-10-25,1091,California,Cash
798,188,electronics,non-fiction,219.22,17,2023-11-21,1077,Illinois,"Debit Card"
799,185,toys,vegetable,344.29,9,2023-07-29,1084,Florida,Cash
800,158,electronics,"board game",169.57,9,2023-04-29,1029,Texas,PayPal
801,126,toys,shirt,33.01,10,2022-06-14,1084,California,"Debit Card"
802,148,books,shirt,190.09,19,2023-11-30,1048,Florida,"Debit Card"
803,176,clothing,mobile,472.50,15,2023-01-18,1008,"New York","Debit Card"
804,132,clothing,fiction,322.66,5,2022-07-28,1016,Illinois,"Credit Card"
805,197,clothing,fruit,337.38,15,2023-03-08,1068,"New York",Cash
806,198,clothing,pants,317.98,2,2023-01-24,1057,California,"Credit Card"
807,100,clothing,"board game",103.50,13,2023-07-14,1056,California,"Debit Card"
808,120,clothing,pants,212.08,16,2022-08-12,1061,"New York","Credit Card"
809,154,clothing,pants,376.72,15,2022-01-03,1094,California,"Credit Card"
810,105,books,vegetable,55.18,10,2023-01-07,1051,Florida,"Credit Card"
811,191,electronics,non-fiction,142.54,14,2023-11-18,1060,California,Cash
812,180,groceries,non-fiction,141.78,10,2023-03-22,1039,Illinois,"Debit Card"
813,168,toys,fruit,218.85,14,2023-09-03,1037,Florida,"Debit Card"
814,194,groceries,vegetable,490.28,9,2022-04-26,1042,Texas,Cash
815,104,groceries,pants,38.41,14,2022-09-27,1062,California,"Credit Card"
816,102,electronics,"action figure",261.76,3,2023-03-23,1018,California,"Credit Card"
817,152,electronics,non-fiction,93.79,16,2023-01-03,1099,Illinois,PayPal
818,122,electronics,"board game",485.48,2,2022-09-10,1049,Illinois,PayPal
819,152,clothing,"board game",61.09,10,2022-11-13,1032,"New York",PayPal
820,136,books,mobile,204.78,3,2023-02-19,1012,"New York",Cash
821,173,clothing,laptop,370.25,11,2022-04-05,1077,"New York","Debit Card"
822,173,books,"action figure",353.75,11,2022-01-24,1096,Illinois,PayPal
823,182,books,non-fiction,214.25,13,2023-09-20,1061,"New York","Debit Card"
824,116,groceries,shirt,176.53,7,2023-10-25,1092,"New York","Debit Card"
825,184,groceries,non-fiction,201.82,17,2022-02-19,1042,Texas,"Debit Card"
826,177,books,mobile,135.82,2,2023-05-17,1048,"New York",Cash
827,172,books,"board game",106.64,12,2023-12-19,1035,California,Cash
828,100,clothing,pants,244.10,10,2023-05-13,1009,Illinois,Cash
829,150,clothing,shirt,137.92,18,2022-12-01,1094,Florida,Cash
830,144,groceries,vegetable,147.29,11,2022-03-20,1005,Texas,PayPal
831,176,electronics,fiction,330.09,16,2023-08-05,1056,Illinois,"Credit Card"
832,103,books,pants,484.43,17,2022-01-27,1000,Illinois,"Credit Card"
833,161,clothing,fiction,303.80,19,2022-09-28,1070,California,"Credit Card"
834,164,groceries,"action figure",43.10,18,2023-07-16,1057,"New York",PayPal
835,131,clothing,laptop,42.41,3,2022-09-04,1090,California,"Credit Card"
836,133,books,shirt,475.95,16,2023-08-14,1020,"New York",PayPal
837,191,books,fruit,152.16,6,2023-01-22,1091,"New York",PayPal
838,194,toys,shirt,50.57,12,2023-12-03,1079,Illinois,PayPal
839,171,electronics,non-fiction,301.53,11,2023-07-13,1055,"New York","Credit Card"
840,138,toys,"board game",313.71,15,2022-12-27,1086,Texas,"Debit Card"
841,125,groceries,non-fiction,326.01,15,2023-05-03,1019,Texas,"Credit Card"
842,133,clothing,non-fiction,137.36,16,2022-12-18,1053,Texas,"Credit Card"
843,153,groceries,"action figure",12.48,10,2023-12-02,1024,Illinois,Cash
844,102,books,pants,482.68,12,2022-09-13,1027,California,PayPal
845,149,toys,fruit,129.19,13,2022-08-10,1004,Florida,"Debit Card"
846,111,toys,fruit,339.63,4,2022-01-01,1020,"New York",Cash
847,164,toys,non-fiction,354.78,7,2023-06-30,1017,Florida,"Debit Card"
848,153,groceries,fiction,306.95,2,2023-03-22,1046,California,"Debit Card"
849,104,books,"action figure",159.89,15,2022-03-20,1069,California,PayPal
850,193,clothing,non-fiction,139.19,8,2022-08-24,1056,Illinois,"Credit Card"
851,193,clothing,laptop,300.85,7,2022-11-30,1092,Texas,PayPal
852,156,groceries,"board game",433.72,15,2022-12-15,1018,Texas,PayPal
853,116,toys,pants,473.63,14,2022-04-08,1096,California,Cash
854,146,electronics,vegetable,57.42,8,2022-03-23,1064,Illinois,PayPal
855,122,groceries,laptop,81.64,12,2023-05-17,1002,Illinois,"Credit Card"
856,178,groceries,fiction,472.64,13,2023-04-22,1041,"New York","Debit Card"
857,184,books,shirt,369.58,11,2023-12-05,1020,Texas,PayPal
858,113,clothing,shirt,442.08,17,2023-07-04,1098,California,"Debit Card"
859,165,groceries,laptop,105.30,17,2022-01-14,1039,Florida,PayPal
860,174,groceries,non-fiction,295.86,4,2023-01-27,1066,Texas,"Debit Card"
861,150,toys,vegetable,352.06,8,2022-12-13,1024,"New York",PayPal
862,137,toys,mobile,341.66,5,2022-11-06,1054,Illinois,Cash
863,163,electronics,mobile,207.04,16,2023-01-21,1083,California,"Debit Card"
864,197,books,fiction,12.62,4,2022-07-28,1051,Texas,PayPal
865,137,electronics,non-fiction,293.55,15,2022-12-23,1043,Florida,PayPal
866,149,toys,fruit,130.29,12,2023-08-24,1097,"New York",Cash
867,197,clothing,fruit,227.88,5,2023-07-22,1084,"New York",Cash
868,181,toys,pants,479.00,16,2022-04-04,1055,Texas,Cash
869,129,books,vegetable,202.52,14,2022-04-03,1054,Florida,"Debit Card"
870,178,toys,vegetable,420.70,10,2022-12-06,1086,"New York","Debit Card"
871,190,books,shirt,98.33,7,2023-08-20,1069,California,Cash
872,150,books,"action figure",337.87,13,2023-03-21,1076,"New York","Credit Card"
873,162,books,fiction,488.62,5,2022-01-22,1086,Florida,"Credit Card"
874,197,books,mobile,55.44,3,2022-10-18,1072,Illinois,PayPal
875,151,books,fiction,9.12,15,2023-04-30,1080,Illinois,"Credit Card"
876,137,clothing,fruit,219.62,4,2022-11-02,1065,Texas,PayPal
877,196,electronics,fruit,50.85,15,2023-09-26,1018,Florida,"Debit Card"
878,187,groceries,laptop,375.45,14,2022-05-08,1082,"New York","Debit Card"
879,178,electronics,pants,457.70,19,2023-09-17,1006,"New York","Credit Card"
880,129,books,vegetable,219.84,13,2022-09-30,1062,Illinois,"Debit Card"
881,150,clothing,"board game",133.06,10,2023-03-18,1041,Illinois,Cash
882,180,toys,fiction,220.03,5,2023-05-18,1041,California,Cash
883,104,clothing,fruit,363.11,6,2022-05-10,1058,Illinois,"Credit Card"
884,128,books,"action figure",9.48,4,2022-05-12,1019,California,"Credit Card"
885,103,clothing,shirt,296.78,2,2023-08-20,1072,"New York",PayPal
886,109,clothing,mobile,308.58,16,2023-04-27,1016,California,"Debit Card"
887,155,books,pants,320.66,18,2023-01-25,1026,California,PayPal
888,116,clothing,"action figure",124.80,5,2023-08-16,1046,Texas,PayPal
889,173,groceries,pants,358.46,4,2022-11-21,1001,Illinois,Cash
890,116,groceries,laptop,50.24,13,2022-03-10,1062,California,Cash
891,183,clothing,"board game",103.64,19,2023-10-22,1061,"New York",Cash
892,187,toys,fruit,439.35,2,2023-03-24,1099,Florida,Cash
893,168,books,shirt,370.67,13,2023-06-12,1018,California,PayPal
894,133,groceries,"action figure",11.80,11,2023-09-09,1016,Illinois,Cash
895,105,toys,pants,127.95,4,2022-06-14,1068,Texas,"Debit Card"
896,152,clothing,vegetable,111.13,15,2023-05-03,1038,"New York",Cash
897,165,toys,laptop,139.05,4,2023-12-14,1081,Texas,Cash
898,176,electronics,vegetable,127.54,9,2023-12-10,1070,Florida,Cash
899,142,groceries,shirt,35.95,7,2023-03-02,1080,California,"Credit Card"
900,174,clothing,"action figure",232.18,19,2023-11-28,1038,California,"Debit Card"
901,122,books,laptop,367.70,19,2022-09-22,1035,Illinois,"Debit Card"
902,154,clothing,"action figure",305.33,6,2023-09-04,1039,California,PayPal
903,179,books,fruit,338.07,6,2022-12-08,1044,"New York",PayPal
904,194,clothing,non-fiction,45.17,15,2023-12-27,1003,Florida,Cash
905,174,toys,laptop,475.99,15,2022-10-05,1024,Texas,"Credit Card"
906,115,toys,vegetable,420.05,9,2023-11-05,1068,Florida,PayPal
907,107,toys,shirt,403.52,4,2023-03-15,1029,California,PayPal
908,103,electronics,"board game",412.38,18,2022-06-06,1075,Texas,Cash
909,103,books,fruit,466.69,18,2023-02-26,1067,Illinois,Cash
910,155,toys,non-fiction,274.41,5,2022-09-08,1087,Florida,PayPal
911,124,electronics,"board game",104.14,11,2023-09-01,1028,Texas,PayPal
912,166,books,mobile,310.31,5,2023-06-14,1072,Texas,"Debit Card"
913,195,clothing,fruit,372.73,4,2022-11-23,1067,Texas,"Credit Card"
914,166,electronics,shirt,370.27,12,2022-04-07,1050,"New York","Debit Card"
915,126,groceries,pants,263.12,2,2023-05-28,1023,Florida,PayPal
916,192,electronics,laptop,38.89,13,2022-08-04,1013,Texas,"Debit Card"
917,131,electronics,"action figure",188.70,10,2022-05-12,1068,Florida,"Debit Card"
918,149,books,shirt,460.78,9,2022-09-17,1017,Texas,PayPal
919,160,clothing,laptop,294.30,10,2022-05-05,1041,Illinois,Cash
920,150,groceries,"board game",271.47,7,2022-03-23,1056,Illinois,PayPal
921,118,toys,"action figure",138.08,4,2022-10-10,1082,Illinois,Cash
922,120,toys,fiction,187.38,19,2023-11-14,1011,California,PayPal
923,104,electronics,vegetable,448.20,10,2022-02-28,1081,Texas,PayPal
924,181,books,mobile,334.90,3,2023-06-28,1016,California,PayPal
925,191,books,fruit,394.76,19,2022-06-10,1029,Florida,"Credit Card"
926,141,toys,shirt,229.90,2,2022-10-11,1087,California,Cash
927,160,groceries,mobile,316.97,10,2022-04-16,1074,Florida,"Credit Card"
928,121,clothing,pants,127.95,2,2022-04-15,1098,Florida,PayPal
929,120,groceries,laptop,354.20,2,2023-03-15,1022,Florida,"Debit Card"
930,169,clothing,laptop,216.66,17,2022-08-16,1080,California,"Credit Card"
931,100,toys,shirt,224.06,16,2023-12-01,1000,Texas,Cash
932,104,clothing,non-fiction,326.41,16,2023-08-05,1078,California,PayPal
933,111,books,non-fiction,468.46,14,2022-11-14,1031,Texas,"Credit Card"
934,189,electronics,fiction,36.68,7,2023-04-09,1008,Texas,"Debit Card"
935,145,electronics,vegetable,413.25,11,2023-08-22,1014,Florida,"Credit Card"
936,133,toys,"action figure",149.73,1,2023-04-17,1027,California,Cash
937,148,books,pants,224.74,11,2022-02-25,1023,Texas,"Credit Card"
938,177,groceries,mobile,15.85,4,2023-09-17,1059,Illinois,"Debit Card"
939,189,books,non-fiction,154.02,7,2022-01-13,1034,Texas,"Debit Card"
940,144,electronics,fiction,253.80,15,2023-03-16,1085,Illinois,Cash
941,126,electronics,fiction,32.81,18,2022-01-18,1026,California,"Debit Card"
942,172,books,shirt,248.09,12,2023-11-25,1082,California,PayPal
943,125,books,pants,463.92,17,2022-04-23,1075,California,"Debit Card"
944,146,electronics,"board game",57.17,1,2022-08-17,1019,Texas,PayPal
945,185,groceries,"action figure",383.40,11,2022-06-20,1064,"New York","Credit Card"
946,155,toys,vegetable,207.79,1,2022-10-22,1084,Texas,PayPal
947,193,toys,fruit,329.31,15,2022-07-08,1048,Texas,PayPal
948,162,books,shirt,133.82,10,2023-03-02,1000,Florida,"Credit Card"
949,147,toys,"action figure",83.95,7,2022-03-20,1009,Florida,"Debit Card"
950,160,electronics,fruit,84.43,2,2023-10-20,1046,Texas,PayPal
951,180,electronics,fruit,39.89,10,2022-07-01,1058,Illinois,"Debit Card"
952,125,books,pants,96.90,4,2023-05-14,1095,Florida,"Credit Card"
953,135,books,pants,333.79,12,2023-12-09,1061,Texas,Cash
954,100,books,mobile,441.44,19,2022-03-12,1085,"New York","Debit Card"
955,107,groceries,fiction,407.99,11,2022-09-05,1017,Illinois,"Debit Card"
956,198,toys,"action figure",344.14,8,2022-05-26,1045,California,Cash
957,151,books,shirt,59.66,18,2023-09-10,1031,Texas,Cash
958,178,clothing,laptop,148.15,11,2022-10-23,1026,Texas,"Credit Card"
959,146,clothing,shirt,158.35,11,2023-08-05,1091,Illinois,"Debit Card"
960,155,electronics,mobile,128.73,13,2023-04-15,1017,Florida,"Debit Card"
961,185,toys,vegetable,259.93,3,2023-05-21,1038,Florida,"Credit Card"
962,113,books,fiction,270.10,12,2022-07-12,1048,Florida,"Debit Card"
963,189,clothing,laptop,181.66,3,2022-03-09,1092,California,PayPal
964,127,toys,non-fiction,180.13,10,2023-05-09,1081,Illinois,PayPal
965,186,electronics,vegetable,415.14,17,2022-02-21,1043,Illinois,PayPal
966,177,groceries,pants,395.70,2,2022-12-29,1071,Florida,"Debit Card"
967,187,toys,fruit,157.36,17,2023-04-19,1053,Florida,PayPal
968,101,toys,non-fiction,457.33,16,2023-06-05,1094,"New York",PayPal
969,125,groceries,shirt,476.64,2,2023-03-07,1033,"New York","Credit Card"
970,113,toys,shirt,166.74,6,2022-10-25,1070,Texas,"Credit Card"
971,158,electronics,pants,180.44,10,2023-03-11,1035,Texas,Cash
972,155,electronics,mobile,255.29,10,2023-11-27,1017,Illinois,Cash
973,106,groceries,"action figure",470.85,8,2023-11-22,1037,Illinois,Cash
974,102,books,non-fiction,438.78,1,2022-07-17,1058,California,Cash
975,122,clothing,non-fiction,55.77,13,2022-05-08,1008,California,"Credit Card"
976,117,books,"board game",199.40,9,2023-06-16,1072,"New York","Credit Card"
977,137,toys,vegetable,278.92,10,2023-02-15,1071,Texas,"Credit Card"
978,198,clothing,fiction,254.05,15,2022-03-06,1050,"New York",PayPal
979,114,groceries,vegetable,100.96,5,2023-11-25,1034,"New York",PayPal
980,163,groceries,"action figure",430.11,16,2022-08-29,1081,Texas,Cash
981,188,clothing,shirt,340.09,13,2023-01-04,1004,California,PayPal
982,127,electronics,shirt,419.76,18,2023-06-20,1013,Texas,"Debit Card"
983,173,clothing,shirt,430.09,11,2023-01-19,1091,Florida,"Credit Card"
984,138,toys,"board game",375.44,9,2023-03-07,1029,Florida,Cash
985,156,electronics,shirt,222.41,16,2022-03-24,1003,Florida,Cash
986,116,groceries,"action figure",307.22,2,2023-11-28,1038,Illinois,"Debit Card"
987,185,clothing,pants,84.38,2,2023-09-03,1083,California,PayPal
988,189,books,fiction,338.45,12,2023-07-28,1063,California,Cash
989,143,books,"action figure",93.73,8,2022-10-13,1024,Illinois,PayPal
990,124,toys,fiction,348.51,9,2023-06-18,1027,"New York",PayPal
991,116,books,"action figure",118.65,12,2023-04-04,1075,Florida,"Debit Card"
992,112,clothing,shirt,63.19,9,2022-07-31,1065,Florida,Cash
993,183,clothing,pants,86.82,10,2022-05-06,1077,"New York",PayPal
994,124,books,non-fiction,5.99,2,2023-02-17,1021,Texas,PayPal
995,167,clothing,vegetable,360.78,16,2023-05-14,1030,Texas,"Debit Card"
996,109,toys,fruit,367.54,7,2023-03-01,1022,California,"Debit Card"
997,166,electronics,pants,259.89,2,2023-07-08,1047,Illinois,PayPal
998,117,toys,non-fiction,84.87,1,2023-09-02,1019,California,"Debit Card"
999,199,toys,mobile,46.36,19,2023-06-27,1037,Texas,PayPal
1000,185,clothing,"action figure",14.47,4,2022-06-07,1054,"New York",Cash
